<ImportExportXml version="9.2.23081.190" SolutionPackageVersion="9.2" languagecode="1033" generatedBy="CrmLive" xmlns:xsi="http://www.w3.org/2001/XMLSchema-instance">
  <SolutionManifest>
    <UniqueName>ExportComponentsb8f3b7f6fcd341f3b781cb9dae542c43</UniqueName>
    <LocalizedNames>
      <LocalizedName description="ExportComponentsb8f3b7f6fcd341f3b781cb9dae542c43" languagecode="1033" />
    </LocalizedNames>
    <Descriptions />
    <Version>1.0</Version>
    <Managed>0</Managed>
    <Publisher>
      <UniqueName>Cr386d6</UniqueName>
      <LocalizedNames>
        <LocalizedName description="CDS Default Publisher" languagecode="1033" />
      </LocalizedNames>
      <Descriptions />
      <EMailAddress xsi:nil="true"></EMailAddress>
      <SupportingWebsiteUrl xsi:nil="true"></SupportingWebsiteUrl>
      <CustomizationPrefix>cr837</CustomizationPrefix>
      <CustomizationOptionValuePrefix>96073</CustomizationOptionValuePrefix>
    </Publisher>
    <RootComponents>
      <RootComponent type="1" schemaName="cr837_registration" behavior="0" />
      <RootComponent type="1" schemaName="cr837_session" behavior="0" />
      <RootComponent type="1" schemaName="cr837_userrole" behavior="0" />
      <RootComponent type="9" schemaName="cr837_timeslotchoice" behavior="0" />
      <RootComponent type="300" schemaName="cr837_conferenceregistration_54c5f" behavior="0" />
      <RootComponent type="300" schemaName="cr837_dayofeventapp_88b3b" behavior="0" />
      <RootComponent type="300" schemaName="pw_pragmaticworksuicomponents_96f71" behavior="0" />
      <RootComponent type="300" schemaName="pw_pragmaticworksuireferenceapp_6e8aa" behavior="0" />
    </RootComponents>
    <MissingDependencies />
  </SolutionManifest>
</ImportExportXml>